P_bars,H2OT_m_wtpc,CO2T_m_ppmw,ST_m_ppmw,Fe3Fet_m,S6St_m,logfO2,dFMQ,vapor_wt,O2_v_mf,CO2_v_mf,CO_v_mf,H2O_v_mf,H2_v_mf,S2_v_mf,SO2_v_mf,H2S_v_mf,CH4_v_mf,OCS_v_mf,CS_v_mf,H2OT_m_wtpc_norm,CO2T_m_ppmw_norm,ST_m_ppmw_norm,SUM_v_mf,XO2_BYDIFF_v_mf
1688.5281292530226,0.3,800.0,1500.0,0.18,0.08809371784278096,-7.677203583598301,0.4975964406912592,0.0,9.095664588415957e-12,0.9432653036019129,0.02174328787968283,0.004645375320054385,3.5653542185338014e-05,0.00178957960145194,0.02051856206695009,0.0001984721865579479,5.485531498599981e-12,0.007799437051232731,30.309671851020568,1.0,1.0,1.0,0.9999956712646094,4.328744486192804e-06
1600.0,0.3000042871049952,753.3851216134914,1498.8944041309276,0.180287268444392,0.08637208453068591,-7.6818989213637305,0.49951149169671716,4.8169303292240395e-05,9.647996323906184e-12,0.9414970864332721,0.02179262000280042,0.0049159368442479165,3.822376110725348e-05,0.0019004597335719594,0.021785015822310773,0.00021463282261119883,5.598080326822391e-12,0.007856024564832203,28.85454687375701,1.000014290349984,0.9417314020168642,0.999262936087285,1.0,9.64783808399261e-12
1500.0,0.30000758732485944,701.2641509125223,1497.5072758564042,0.1806067560438752,0.08441099979541555,-7.6872902304841855,0.5015871750753291,0.00010230475436846676,1.0348604012207931e-11,0.9392716552909254,0.021847881472811248,0.005258731747390812,4.1508578678092935e-05,0.0020407513533080433,0.023386622696773888,0.00023531229548670967,5.729198812430164e-12,0.007917536548548104,27.204114816934585,1.0000252910828649,0.8765801886406528,0.9983381839042695,1.0000000000000002,1.0348499834833547e-11
1400.0,0.30000894689419044,649.7111076089353,1495.9452993262264,0.1809178163130383,0.08244055209432885,-7.692817774002383,0.5035266240561986,0.0001562016058090949,1.1146164353619079e-11,0.9367655589342938,0.021903030181995915,0.005649027643309575,4.5284243031732795e-05,0.0021999176485758736,0.025202291593368717,0.0002590846029245641,5.865639673561934e-12,0.007975805135488347,25.547584888562962,1.0000298229806348,0.8121388845111691,0.9972968662174843,1.0000000000000004,1.1145862011119334e-11
1300.0,0.3000079518879695,598.7206831224066,1494.1704760327818,0.18121867237292907,0.08045793884406846,-7.698505924283336,0.5053054662743124,0.0002099392337229722,1.2062264963277446e-11,0.9339184028316376,0.021957503076602963,0.0060977156854465225,4.966599484697771e-05,0.0023820291441126037,0.027278073462637664,0.0002866521590395913,6.007934966457579e-12,0.008029957627605725,23.883446976314396,1.0000265062932319,0.7484008539030083,0.9961136506885212,0.9999999999999998,1.2062462140249863e-11
1200.0,0.3000040447240065,548.2870202833949,1492.1323287938474,0.18150735797040304,0.0784572003227588,-7.704381590510795,0.5068967925459189,0.0002636220096378555,1.3125587850324893e-11,0.9306503264223657,0.02201038088890434,0.006619313556828754,5.4807724984071405e-05,0.0025924633778349297,0.029674893305512016,0.00031894667904916224,6.1565975807594955e-12,0.00807886802523883,22.209711200150267,1.000013482413355,0.6853587753542436,0.9947548858625649,1.0000000000000002,1.312550068632845e-11
1190.0,0.3000034666954544,543.2724433641707,1491.9108654227368,0.18153723057009943,0.07824562663407396,-7.704956035374725,0.5070690469318961,0.00026899516721698864,1.3242154591698657e-11,0.9302940736013398,0.022014850417829416,0.006676187631711652,5.5369606270137336e-05,0.0026155266046952027,0.02993802636839314,0.0003224845280722239,6.171117658220344e-12,0.008083481222275271,22.039963424377866,1.0000115556515148,0.6790905542052134,0.9946072436151578,1.0000000000000002,1.324196308161163e-11
1090.0,0.299995456329845,493.44570775578933,1489.5037508003531,0.1818076738292555,0.07622548114473278,-7.711105045236679,0.5083870295690085,0.0003227777956790974,1.4511970192962614e-11,0.9264400696277675,0.022065152077940856,0.007301117930610047,6.159506558034284e-05,0.002865328692487072,0.0327804785639952,0.0003614503312943088,6.328235308409578e-12,0.008124807689484549,20.354959043416223,0.9999848544328166,0.6168071346947367,0.9930025005335688,1.0000000000000002,1.4511725154875421e-11
990.0,0.29998253944816006,444.1536166759325,1486.6572651927295,0.18206089856912153,0.0741558902053206,-7.717510474898585,0.5094485924061694,0.00037687171241185903,1.602951517311639e-11,0.9218912417269555,0.022109889982304166,0.008049793007554013,6.912150838738952e-05,0.00316215702798728,0.036153726649117965,0.00040837409977781966,6.4924679125464935e-12,0.00815569597539363,18.65433880252672,0.9999417981605335,0.5551920208449156,0.9911048434618197,0.9999999999999997,1.602984411874786e-11
890.0,0.2999630347152573,395.257849298889,1483.2265096148312,0.1822894756078988,0.0720286158144886,-7.724275072869193,0.5101509869346286,0.00043170058162342117,1.788281227640293e-11,0.9164438835358784,0.02214521620688967,0.008963765568076697,7.839762653856799e-05,0.003522785118856308,0.040217940340077064,0.0004658597702375483,6.664636215503172e-12,0.008162151808897924,16.93908512457689,0.9998767823841911,0.49407231162361126,0.9888176730765541,0.9999999999999996,1.7883250436057097e-11
790.0,0.2999343645786913,346.78141421799404,1478.9955443308525,0.1824852021880995,0.06981794445962854,-7.731512041561719,0.5103810107411677,0.0004876604514304743,2.0186116561749114e-11,0.9097700774839228,0.022164036102920927,0.010105576472875242,9.010069874889735e-05,0.00396710130567823,0.04521145437435685,0.0005377924285051519,6.84649047028918e-12,0.008153861105959023,15.202601257907215,0.9997812152623045,0.43347676777249255,0.9859970295539017,0.9999999999999998,2.018629707833952e-11
690.0,0.299892370662498,298.7551039514405,1473.6312011119192,0.1826351229011786,0.06748318693837596,-7.739400521432886,0.5099595233690675,0.0005453738604011254,2.312541214574737e-11,0.9013835367630294,0.02215825428469535,0.011573912390277967,0.0001053086459806605,0.004527934248798796,0.05149610783708608,0.000630231584783456,7.039984621678321e-12,0.008124714215182918,13.442618378866957,0.9996412355416601,0.3734438799393006,0.9824208007412795,1.0,2.3125279469127236e-11
590.0,0.2998298886942043,251.21823926940783,1466.5832115777237,0.18271767072596926,0.06495749364446604,-7.74823933554741,0.5085877017536102,0.0006058829256759299,2.7005430352028854e-11,0.8905008024506185,0.02211484677166855,0.013534113080589012,0.00012584718705746143,0.005257751058747538,0.0596485824410115,0.0007531816657946678,7.248345542115969e-12,0.008064875310258726,11.656818954914446,0.9994329623140144,0.3140227990867598,0.9777221410518158,0.9999999999999994,2.7005953029402008e-11
490.0,0.2997334082227095,204.2389629661187,1456.9024706495086,0.18269539121717734,0.062128178098263175,-7.758548653188273,0.5057453766118147,0.0006709883561174068,3.2363631246748785e-11,0.8758263741350193,0.022012349591220344,0.016285830003200264,0.0001550700439232032,0.00624619770273217,0.07058935158161961,0.000926791927290119,7.477304264594974e-12,0.0079580349751541,9.849195423947506,0.9991113607423651,0.25529870370764834,0.971268313766339,1.0000000000000002,3.236344525703316e-11
390.0,0.29957379341527635,157.99131907741037,1442.981128387485,0.18250607604834668,0.05882141377300877,-7.771195247096461,0.5005657752026931,0.0007436757358745817,4.0258521627085976e-11,0.8553195157559674,0.021816444658435,0.02043397566685737,0.00019984068036746293,0.007664023696808193,0.08557299774670307,0.001214983124024784,7.736145057276486e-12,0.0077782186228426775,8.052415882638506,0.9985793113842545,0.19748914884676297,0.96198741892499,1.0000000000000009,4.0257908118235264e-11
290.0,0.29927861621398866,112.52499458646157,1420.362437688875,0.18196710167253355,0.054516156642206465,-7.788733691182087,0.4904943236161339,0.0008327768114505343,5.3010006676953424e-11,0.8232373361761057,0.021432538082119777,0.027410082068322086,0.0002769752238071825,0.00985163324716338,0.10863789822759799,0.0016990089302810316,8.054367921040979e-12,0.007454527983538307,6.197507192002909,0.9975953873799622,0.14065624323307696,0.9469082917925833,0.9999999999999999,5.301015182368474e-11
190.0,0.29859903295887963,68.26187544276726,1377.0342427445964,0.18056670492303314,0.047917056644724586,-7.818380988839856,0.4683140184574306,0.000962144472448626,7.705183769799177e-11,0.7659541258274731,0.020641368825761543,0.04161108362330213,0.0004406912093884418,0.013626019758709777,0.14824476668003667,0.0026631544235042465,8.528307724576097e-12,0.006818789566243763,4.289218536859217,0.9953301098629321,0.08532734430345908,0.9180228284963976,0.9999999999999998,7.705214244424496e-11
180.0,0.29848174218946766,63.94173420326351,1370.4594605994557,0.1803239417481563,0.047059638482261884,-7.822797603204545,0.46464410334264805,0.0009795282966424605,8.06665301711317e-11,0.7576967341019113,0.020523810700020587,0.0438839974986269,0.00046774020569069626,0.014152552517528939,0.15373732966702056,0.0028139836672467808,8.597899226146134e-12,0.006723851552690408,4.097208948931634,0.9949391406315589,0.07992716775407939,0.9136396403996372,1.0000000000000009,8.066580736709739e-11
170.0,0.29834821079123897,59.64449499642065,1363.191284287926,0.18005649803862248,0.046095371945191,-7.827565599639946,0.4606228061571551,0.0009983075214433199,8.464385199731489e-11,0.748701792531798,0.020392684391438032,0.046419194324171686,0.0004981342170299532,0.014720661698480185,0.1596663035323679,0.0029810834538366773,8.670655588850353e-12,0.006620145757562849,3.9037747876727744,0.9944940359707966,0.07455561874552581,0.908794189525284,0.9999999999999998,8.464406953123671e-11
160.0,0.29819508584378707,55.37615859953615,1355.1596321009354,0.17975507556792783,0.045055049345152906,-7.83281736322329,0.4561177418237179,0.001018632573679564,8.902656388718454e-11,0.7389107391362921,0.020248960127533404,0.04926476513385386,0.0005325725000597172,0.0153319266893509,0.16603714582711063,0.003167138973679537,8.750558663425241e-12,0.00650675151434289,3.7100756391575294,0.9939836194792903,0.06922019824942019,0.9034397547339569,1.0000000000000002,8.902645287633959e-11
150.0,0.29801794082315347,51.14011713591328,1346.2394973786766,0.17941368567089105,0.043928120770382564,-7.8386394500927015,0.4510423542042119,0.0010407682789863463,9.388016129411576e-11,0.7282132382673298,0.020090932654287533,0.0524812529282692,0.0005719085990355305,0.015990817134613176,0.1728939505211784,0.003375531427755043,8.839039826060655e-12,0.006382368364812015,3.5161640354561072,0.9933931360771783,0.0639251464198916,0.897492998252451,0.9999999999999998,9.388034794000077e-11
140.0,0.29781095003476243,46.940377460014936,1336.2770529289808,0.17902489471060914,0.04270191892180544,-7.845139679413997,0.4452888241328239,0.0010650439615542792,9.928530213563444e-11,0.7164769794538971,0.019916545826941037,0.056145981818531976,0.0006172508532774253,0.016702271585482785,0.18028502219333523,0.003610496492946723,8.937893261947455e-12,0.006245451667364402,3.3220929610621655,0.9927031667825414,0.05867547182501867,0.8908513686193205,0.9999999999999999,9.928535771308589e-11
130.0,0.2975663030731036,42.78171701515282,1325.0809894429644,0.1785793355778902,0.041361370303358125,-7.852454442943419,0.43872075985330916,0.0010918742939664732,1.0534249103782803e-10,0.7035418281984626,0.01972330169547316,0.06035927949518207,0.0006700640572053954,0.017471665057140533,0.1882622974446164,0.0038774119838967734,9.049407351628062e-12,0.006094151953631014,3.1279186320751173,0.9918876769103454,0.053477146268941025,0.8833873262953096,0.9999999999999999,1.0534262351313828e-10
120.0,0.2972733036785838,38.66986898938445,1312.4101988658063,0.17806503846236466,0.039888449860735704,-7.860758800827763,0.43116310121887036,0.0011217896013287698,1.1217874998834472e-10,0.6892115921934204,0.01950811826210672,0.0652536764028787,0.0007323230743590732,0.018304716755648796,0.19688013038066726,0.004183210105827275,9.176531225204087e-12,0.00592623270373655,2.933698100189978,0.990911012261946,0.04833733623673056,0.8749401325772042,1.0,1.1217859974266275e-10
110.0,0.2969169389383306,34.611761735250845,1297.956078736954,0.1774664602942159,0.038261499000769895,-7.870281223624285,0.42238737767225576,0.001155480643556145,1.1995726633136719e-10,0.6732423723294914,0.019267119446895374,0.07100787712591175,0.0008067521939022724,0.019207266334179754,0.2061926736174669,0.004536981193654829,9.323105197205693e-12,0.005738957629217483,2.739484594468374,0.9897231297944353,0.04326470216906356,0.8653040524913026,1.0,1.1995704429779153e-10
100.0,0.29647552240217084,30.615832864564016,1281.3163503825635,0.17676303761708245,0.03645437559422671,-7.8813257420868155,0.41208955845963224,0.001193867072695229,1.288917482510768e-10,0.6553255534247896,0.018995312334459627,0.07786864416395181,0.0008972109831986194,0.02018479949863182,0.21624866755840128,0.0049508799886838544,9.494178990229092e-12,0.0055289319094972925,2.545318939071729,0.9882517413405695,0.03826979108070502,0.8542109002550423,0.9999999999999999,1.2889189715536986e-10
90.0,0.2959166400071956,26.692449540536565,1261.9549227690936,0.17592695668406969,0.03443540167115628,-7.894306373540685,0.3998556262556683,0.0012382064351588694,1.3926850790751474e-10,0.6350620298295095,0.018686068029245575,0.08618631739018902,0.0010093414135739975,0.021241488208710205,0.2270813601072081,0.005441523613620753,9.696443576428285e-12,0.005291871258977735,2.3512140674212727,0.9863888000239853,0.03336556192567071,0.8413032818460624,0.9999999999999999,1.3926859665502889e-10
80.0,0.2951898070126672,22.85448743963438,1239.137645374137,0.17491957783270856,0.03216608002181398,-7.9098028637629225,0.38510583528333786,0.0012902765481737344,1.514818030660422e-10,0.6119214261811872,0.018330242416345715,0.09647490651884541,0.0011517050329645858,0.022378262353414065,0.23868899165592317,0.0060322125354164875,9.938784915520204e-12,0.005022253144482853,2.157127200299631,0.9839660233755575,0.028568109299542975,0.826091763582758,1.0000000000000002,1.5148160503741792e-10
70.0,0.294212307008792,19.118164306964122,1211.823838620125,0.1736854146834641,0.029599579773654953,-7.928655590627524,0.3669998076686438,0.0013526998127784962,1.6609316410752036e-10,0.5851742909145508,0.01791459821588592,0.1095188326041355,0.0013378959895244311,0.0235888625337803,0.250996184659933,0.006756567922650109,1.0232872571093024e-11,0.0047127669832135516,1.962909466484792,0.9807076900293066,0.023897705383705153,0.8078825590800832,0.9999999999999997,1.6609347230911453e-10
60.0,0.29283967752469875,15.50432412408837,1178.4706208271707,0.17214135788045382,0.026679090555644054,-7.952137597778931,0.34426449976714224,0.0014295654350978274,1.8393703240399652e-10,0.5537728272440714,0.01741878269668543,0.1265737753971768,0.0015907428028318837,0.024851430722847036,0.2637743828096924,0.0076646516585196865,1.059330534697203e-11,0.004353406473645166,1.7682129732850087,0.9761322584156625,0.019380405155110463,0.7856470805514472,1.0000000000000002,1.8393697676089005e-10
50.0,0.2907978299383742,12.04062560932124,1136.6493230039107,0.17015583439049883,0.023336479420667453,-7.982292308623085,0.3148564881728957,0.0015277439051168543,2.063235998908556e-10,0.516127783475742,0.01680910043615118,0.14977118765148936,0.001951393899005896,0.026109474194927276,0.27646779560854456,0.008833360793405515,1.1035278386360633e-11,0.003929903723374964,1.572314465537453,0.9693260997945807,0.015050782011651548,0.7577662153359405,0.9999999999999996,2.0632406894094402e-10
49.0,0.29053934244731316,11.7044321901171,1131.91200949184,0.16992371921383403,0.023013287089125613,-7.985818890703014,0.31140457601795823,0.0015390502670881863,2.0887266090197768e-10,0.5119573099256124,0.016741203184519826,0.15255579702898356,0.0019960299817436368,0.02622944832665241,0.2776679487813697,0.008968774590944098,1.1086314270904336e-11,0.0038834879602152373,1.5528117855605106,0.9684644748243773,0.014630540237646374,0.7546080063278934,1.0,2.0887269691627353e-10
48.0,0.2902676943758326,11.36958816578873,1126.9987513682988,0.1696866380660115,0.022648299769738936,-7.989422783665644,0.307875352980318,0.0015507979242653002,2.1150366882263788e-10,0.507672587692594,0.01667020640326613,0.15544265938847565,0.002042532183840305,0.026349376610863322,0.27887859972579315,0.009108036477094484,1.1136262760343187e-11,0.003836001295432493,1.533079830830068,0.9675589812527754,0.014211985207235912,0.7513325009121992,0.9999999999999997,2.115040365069376e-10
47.0,0.2899823932043394,11.036711853228566,1121.9507812166773,0.16944243894455524,0.02227810364626069,-7.993136111265109,0.30423669530584263,0.001562912557549267,2.1420683225004365e-10,0.5032943217979643,0.016597334986580534,0.15843780430113213,0.0020910893127735037,0.02646760631713678,0.28007286495995876,0.009251362525541356,1.1187063928083727e-11,0.00378761557351864,1.5133180986616939,0.966607977347798,0.013795889816535708,0.7479671874777849,0.9999999999999998,2.1420709650499248e-10
46.0,0.28968244704761226,10.705854714974176,1116.7619383708688,0.16919078524470557,0.021902651430464066,-7.996964253807477,0.3004832226884657,0.0015754143751850252,2.1698542837939928e-10,0.498818843933206,0.01652249607478609,0.1615472373025389,0.0021418339623831962,0.026583891698008257,0.2812484776875196,0.009398916836174238,1.123869501051124e-11,0.0037383022771604775,1.4935245131263248,0.9656081568253743,0.01338231839371772,0.7445079589139125,1.0000000000000009,2.1698454144569723e-10
45.0,0.2893667689273584,10.37706998752003,1111.4255888354785,0.16893131971915487,0.02152185789317773,-8.000912936889481,0.29660920953145187,0.001588325324363291,2.198429675021079e-10,0.4942422458669642,0.016445588590335708,0.1647773969512019,0.0021949098408347418,0.026697964975653236,0.28240299179086875,0.009550870380260442,1.1291122932076162e-11,0.0036880313727470984,1.4736966346240044,0.9645558964245281,0.012971337484400039,0.7409503925569857,1.0,2.198428106225947e-10
44.0,0.28903416601557563,10.050413434833992,1105.9346350315657,0.16866366061218308,0.021135637884604257,-8.004988293154234,0.2926085231916904,0.0016016691698754642,2.2278319974959102e-10,0.48956038872207797,0.01636650396162957,0.168135192794466,0.0022504730003176173,0.02680953245171721,0.28353373627164596,0.009707401114710823,1.134430484509363e-11,0.0036367714493073496,1.453831851123673,0.9634472200519189,0.01256301679354249,0.7372897566877105,0.9999999999999999,2.2278323630331442e-10
43.0,0.2886833268724334,9.725943555473195,1100.2814727619818,0.16838739943840514,0.02074390664424482,-8.009196900391801,0.2884745858791131,0.0016154716911872726,2.258101374630871e-10,0.4847688865695685,0.016285125452229703,0.1716280464947969,0.0023086931394247687,0.02691827178018843,0.2846377927165149,0.009868693955653004,1.1398186415299427e-11,0.0035844896544155475,1.4339273662079701,0.9622777562414447,0.012157429444341495,0.7335209818413212,1.0000000000000002,2.2580992631304753e-10
42.0,0.2883128068525691,9.403721812731956,1094.457943216811,0.16810209851496788,0.020346580121268734,-8.013545824013411,0.2842003321824951,0.0016297609057723795,2.2892808032448233e-10,0.47986308886142626,0.01620132742314612,0.17526393690764236,0.0023697550669825457,0.027023828923617783,0.28571197029533646,0.010034940651105181,1.1452699809416245e-11,0.003531151630362655,1.4139801861206247,0.9610426895085638,0.011754652265914944,0.7296386288112072,1.0000000000000002,2.2892787665540482e-10
41.0,0.287921011376828,9.083812891588462,1088.4552794190413,0.1678072882126559,0.019943575351645804,-8.018042664527089,0.2797781615938071,0.0016445673226760042,2.3214164366828856e-10,0.4748380617011717,0.016114974523521144,0.17905144947618618,0.002433860350119788,0.02712581475174804,0.2867527779783556,0.010206339523218474,1.1507761333160134e-11,0.0034767214520298414,1.3939871059978892,0.9597367045894267,0.011354766114485578,0.7256368529460275,1.0000000000000002,2.321415282224848e-10
40.0,0.2875061767093882,8.76628498615035,1082.2640463675516,0.16750246388834855,0.019534810902140574,-8.022695610708363,0.2751998853375248,0.001659924231092294,2.3545579049387355e-10,0.4696885679476325,0.01602592080348137,0.18299983032546277,0.002501229172791992,0.027223801238296687,0.2877563936542365,0.01038309504298704,1.1563268655894852e-11,0.0034211615680920884,1.3739446952803422,0.9583539223646275,0.010957856232687937,0.7215093642450344,1.0,2.354557659955958e-10
39.0,0.2870663478119206,8.451210121859155,1075.8740740256694,0.167187082455611,0.019120207393142602,-8.0275134992693,0.27045666670157686,0.001675868029596291,2.3887586780320393e-10,0.4644090461772532,0.015934008742835237,0.18711904544940325,0.0025721024350386012,0.027317317206498302,0.28871862979985796,0.010565417190940502,1.1619097545921325e-11,0.0033644327476773307,1.3538492823210058,0.9568878260397353,0.010564012652323944,0.7172493826837796,0.9999999999999993,2.388764741567684e-10
38.0,0.2865993527639372,8.13866451735681,1069.2743821781849,0.1668605585436262,0.018699688114620455,-8.03250588195744,0.2655389539384281,0.0016924386026975925,2.424076480219468e-10,0.4589935885718381,0.015839068189407845,0.19141984538522058,0.002646744127966051,0.027405843568545054,0.2896348953221202,0.01075352054558411,1.1675098025765475e-11,0.003306494035235672,1.3336969382317074,0.9553311758797908,0.010173330646696012,0.7128495881187898,1.0000000000000004,2.4240731644198377e-10
37.0,0.28610277313858123,7.828728991659273,1062.4530960361378,0.16652226018699828,0.01827317975224209,-8.037683101167485,0.26043640465337425,0.0017096797526138764,2.460573764281421e-10,0.4534359178560233,0.01574091520124463,0.19591383575482704,0.0027254440249162805,0.02748880799838939,0.2905001531630018,0.010947623026636827,1.1731089839379998e-11,0.0032473027171718923,1.3134834600463756,0.9536759104619374,0.009785911239574091,0.7083020640240919,0.9999999999999997,2.460577297469513e-10
36.0,0.2855739096019509,7.521489423127181,1055.3973513036983,0.16617150398003921,0.01784061324405926,-8.043056375326398,0.2551378004194529,0.0017276396956416717,2.498318257232951e-10,0.44772936348663755,0.015639350787801005,0.20061355401549863,0.002808520735609039,0.027565578971680674,0.29130887323468313,0.011147944201671351,1.1786857102359414e-11,0.003186814304799769,1.2932043533280442,0.951913032006503,0.009401861778908976,0.7035982342024656,0.9999999999999997,2.4983204394146696e-10
35.0,0.2850097418568224,7.21703726768973,1048.093187234011,0.16580754961869998,0.017401924792120875,-8.048637895523116,0.24963095014772385,0.001746371634280752,2.5373835914858964e-10,0.4418668374013312,0.01553415954680126,0.20553255269176726,0.0028963251773584803,0.027635459101224974,0.29205498023484217,0.011354703041643262,1.1842141981583115e-11,0.0031249825394506045,1.2728548144133192,0.9500324728560746,0.009021296584612162,0.6987287914893408,0.9999999999999997,2.5373869672051796e-10
34.0,0.28440688187248336,6.915470144859169,1040.5254259869453,0.16542959374117577,0.016957057058229242,-8.054440935101818,0.24390258049401403,0.001765934418413239,2.577850038930602e-10,0.43584080977412587,0.01542510819591411,0.21068548924394964,0.0029892445258822976,0.027697677691770037,0.29273179588970927,0.01156811498180211,1.1896637221445187e-11,0.0030617594271649213,1.2524297125732395,0.9480229395749445,0.008644337681073961,0.6936836173246301,0.9999999999999999,2.5778523760067173e-10
33.0,0.28376151912414677,6.616892501284864,1032.6775363616719,0.16503676296398537,0.016505960578768637,-8.06047997423229,0.23793821128853132,0.0017863933114225885,2.6198053698459976e-10,0.42964328541239244,0.015311944002185671,0.2160882225473578,0.003087706717878723,0.027751382434870797,0.2933319751908212,0.011788388108152442,1.1949977299517243e-11,0.0029970953124104876,1.2319235724857593,0.9458717304138226,0.00827111562660608,0.6884516909077812,1.0000000000000002,2.619805483661253e-10
32.0,0.2830693562993625,6.321416362915405,1024.5314797076949,0.16462810599375158,0.016048595440432637,-8.066770841819253,0.23172201362655898,0.0018078208802559186,2.6633458643323936e-10,0.42326578167623713,0.015194393117736,0.2217579156851889,0.003192185588559874,0.02779563016414892,0.29384743624287774,0.012015718244127527,1.200172795446747e-11,0.0029309390027870965,1.2113305575643827,0.9435645209978749,0.007901770453644257,0.6830209864717965,0.9999999999999993,2.6633517613561253e-10
31.0,0.28232553360444634,6.029162188246995,1016.0675355214487,0.16420258467551418,0.015584933266826998,-8.073330877527242,0.2252366478435608,0.00183029803219338,2.70857751154702e-10,0.4166993091253368,0.015072158838278246,0.2277131443639755,0.003303206739807443,0.02782937659500369,0.29426928343962433,0.012250282655238849,1.2051373783048578e-11,0.0028632379598261394,1.1906444548836552,0.9410851120148211,0.007536452735308744,0.6773783570142992,1.0000000000000002,2.7085755860412064e-10
30.0,0.2815245394085938,5.740259836580593,1007.2641039132479,0.1637590638157159,0.015114959575550008,-8.080179117191342,0.21846307810445076,0.001853915225620545,2.7556174420505063e-10,0.4099343565216345,0.014944919812443135,0.23397400969885684,0.0034213542486254975,0.02785146498296374,0.2945877238544579,0.012492232018455363,1.2098303550949161e-11,0.002793938574902972,1.1698586626953609,0.9384151313619793,0.007175324795725742,0.671509402608832,1.0000000000000002,2.755616845817599e-10
29.0,0.2806601044821542,5.454849666594391,998.0974817877385,0.16329629959141118,0.014638676576588605,-8.087336505474257,0.2113803597465278,0.0018787738875531213,2.804595651931253e-10,0.40296088236621047,0.014812328245897366,0.24056225332824108,0.003547278341119327,0.027860613654533253,0.294791977002535,0.012741680214751232,1.2141792805021068e-11,0.002722986554110736,1.1489661818539583,0.9355336816071808,0.006818562083242988,0.6653983211918256,0.9999999999999999,2.804596554994987e-10
28.0,0.2797250765012306,5.173083781706028,988.5416092303809,0.1628129263259698,0.014156106495790109,-8.094826140338604,0.20396539480717024,0.001904988077209626,2.8556570953105424e-10,0.3957683158580981,0.014674008166422631,0.24750137172720496,0.0036817041742581743,0.02785540239790768,0.2948701785425722,0.012998691393927241,1.2180983313787282e-11,0.0026503274418617486,1.1279596128831064,0.9324169216707686,0.006466354727132535,0.6590277394869206,0.9999999999999996,2.8556623732356456e-10
27.0,0.2787112707838783,4.89512743939691,978.5677822504875,0.1623074413745691,0.013667295521718739,-8.102673554758306,0.1961926503124598,0.0019326864427550833,2.9089642461050096e-10,0.38834557107058765,0.014529553846543706,0.2548167250981134,0.00382544188600506,0.02783425775425993,0.2948092790948847,0.013263263626343376,1.221485880313637e-11,0.0025759073201509475,1.1068311609342252,0.9290375692795944,0.006118909299246138,0.652378521500325,1.0,2.9089641806478994e-10
26.0,0.27760929237254406,4.621160641504349,968.1443277241513,0.16177818781863731,0.01317231849007054,-8.110907042133812,0.18803383286194375,0.001962014527651003,2.964700263037862e-10,0.38068107929015194,0.014378528521620018,0.26253563420188786,0.003979398093719429,0.027795437331420446,0.29459494023121174,0.013535308292312696,1.2242216401861191e-11,0.0024996737289644617,1.0855726515304762,0.9253643079084802,0.005776450801880436,0.6454295518161008,1.0000000000000007,2.964692935591984e-10
25.0,0.2764083235615057,4.3513799208598245,957.2362361453143,0.16122333461498423,0.012671284436237957,-8.119558033157764,0.1794575117629833,0.001993137494047651,3.0230729374319125e-10,0.37276284589970904,0.01422046359689342,0.2706874558032051,0.004144589040665533,0.027737013381237637,0.2942114309377758,0.013814624162653572,1.2261633179337964e-11,0.0024215768632898853,1.0641755607681347,0.9213610785383524,0.00543922490107478,0.6381574907635429,0.9999999999999989,3.023084005349119e-10
24.0,0.2750958697673011,4.086000335670679,945.8047476789391,0.16064085377924173,0.012164343162134232,-8.128661533482294,0.17042868136344325,0.0020262433435342007,3.084319666463553e-10,0.3645785399510315,0.014054858610883812,0.2793036238612137,0.004322155610628498,0.027656856053214208,0.29364152958827877,0.014100864890598206,1.2271427164887802e-11,0.0023415711134474842,1.042631064562276,0.9169862325576704,0.0051075004195883485,0.630536498452626,0.9999999999999996,3.084323907387443e-10
23.0,0.27365745524044155,3.8252576754136878,933.8068870748643,0.16002849409889347,0.011651692975388844,-8.138256633592562,0.1609082511781672,0.002061546730474227,3.148713782841737e-10,0.35611562668143654,0.013881182319481777,0.2884176390122775,0.00451338045104655,0.027552616976820456,0.292866438838161,0.014393498366081375,1.226961231623947e-11,0.002259617027552598,1.0209301125501742,0.9121915174681385,0.004781572094267109,0.6225379247165762,0.9999999999999988,3.148725724599899e-10
22.0,0.2720762585151576,3.5694108688881876,921.1949433016053,0.1593837507591848,0.011133589763162983,-8.14838710499458,0.15085244970113898,0.0020992934801899493,3.216572696362577e-10,0.3473615556651748,0.013698875390200527,0.2980649830812218,0.0047197074668043374,0.027421714152471577,0.2918657240394565,0.01469175608394286,1.2253847100341836e-11,0.00217568378681571,0.999063533329693,0.906920861717192,0.004461763586110235,0.6141299622010702,0.9999999999999992,3.2165792251959147e-10
21.0,0.27033267570568964,3.3187445639154745,907.9158903259178,0.15870383010934458,0.010610357552142112,-8.159102100509791,0.14021212411091888,0.0021397659434465905,3.2882684798794134e-10,0.33830401994430237,0.013507355354055263,0.30828292820411746,0.004942763973609957,0.02726131956651865,0.29061728995967856,0.014994570362524136,1.2221376733629671e-11,0.0020897522941456187,0.9770221786518603,0.9011089190189655,0.004148430704894343,0.6052772602172785,1.0000000000000002,3.288266325895961e-10
20.0,0.2684037978232601,3.073571815574906,893.9107462420608,0.15798560856862667,0.010082400670063165,-8.170456981689266,0.12893191285643368,0.002183289340036986,3.364241786520437e-10,0.3289313041029208,0.013306024656360304,0.3191102016916025,0.0051843858409965785,0.027068351505000345,0.28909741592591826,0.015300496947839748,1.2168969800996702e-11,0.0020018189807669033,0.9547971146981792,0.8946793260775338,0.0038419647694686327,0.5959404974947072,0.9999999999999986,3.3642566510394545e-10
19.0,0.2662627862760161,2.834236771547376,879.113868692104,0.1572255843224191,0.009550217546622622,-8.182514304061112,0.11694926040958009,0.0022302392679703917,3.445020353866428e-10,0.31923274133090546,0.01309428287594723,0.33058645837919903,0.0054466460309081696,0.02683947422768593,0.2872808760684207,0.015607620301550093,1.2092851070848412e-11,0.0019119004287870887,0.9323798681086832,0.8875426209200536,0.00354279596443422,0.5860759124614027,0.9999999999999986,3.445035368088156e-10
18.0,0.26387812870893146,2.601117174105585,863.4521845471758,0.15641981990247103,0.009014416050568696,-8.195345002723556,0.10419323167212546,0.0022810505817411897,3.5312438920515355e-10,0.30919930017894676,0.01287154443493813,0.34275150287014505,0.00573188709025946,0.02657110845192528,0.28514117895026847,0.015913438777060616,1.1988634026017656e-11,0.0018200388813412926,0.909762732062821,0.8795937623631049,0.003251396467631981,0.5756347896981172,0.9999999999999981,3.5312619495186937e-10
17.0,0.2612127553887486,2.374626403578667,846.8443496670001,0.15556387283392775,0.008475730025670342,-8.209029839473224,0.09058306484744882,0.0023362278762628346,3.6236979575036436e-10,0.2988243194760276,0.012637263373704306,0.3556441967419788,0.006042758465566948,0.026259456901246866,0.2826509689661849,0.01621472704736828,1.1851259148698042e-11,0.0017263086536990903,0.8869391319660247,0.870709184629162,0.002968283004473334,0.564562899778,0.9999999999999978,3.623720212786452e-10
16.0,0.2582229943094132,2.1552146644439194,829.1998272672621,0.1546527100107869,0.007935036325180436,-8.223661202990105,0.07602637125555844,0.0023963578597490562,3.7233606297183655e-10,0.28810440253114156,0.012390966971184718,0.3693009839474887,0.006382260125080406,0.025900549811339182,0.27978263918445473,0.016507373693627068,1.1674947546261559e-11,0.0016308233516688251,0.8639040388737788,0.8607433143647107,0.0026940183305548993,0.5527998848448414,0.9999999999999962,3.723397146160323e-10
15.0,0.2548573404586026,1.943368764191679,810.417855439315,0.15368059889690958,0.007393371114844966,-8.239345403777808,0.06041684039284512,0.0024621239763307377,3.831467680988725e-10,0.27704046611422856,0.01213230007304454,0.3837539768887082,0.006753795169946007,0.025490315407437843,0.2765092094123102,0.016786192912785346,1.145318422787352e-11,0.0015337436269343859,0.8406543983330248,0.849524468195342,0.0024292109552395986,0.5402785702928766,0.9999999999999952,3.831516215413444e-10
14.0,0.2510550094689873,1.7396097687498882,790.3862357063788,0.15264096430766932,0.006851943490904296,-8.256205689607809,0.04363122448783585,0.002534323784317839,3.94960488369851e-10,0.26563891176190074,0.01186108184279398,0.3990285740996903,0.007161236367317364,0.025024679382881443,0.2728055203461086,0.017044710862532234,1.1178751173424049e-11,0.001435284930628948,0.817189508174659,0.836850031563291,0.00217451221093736,0.5269241571375859,0.9999999999999929,3.949676141701275e-10
13.0,0.24674423400901277,1.5444876667226468,768.9797979330802,0.15152619216806254,0.0063121435466165395,-8.274386349214756,0.025525234805877872,0.0026138898828827807,4.0798409028054264e-10,0.25391284222787114,0.01157737615598848,0.4151406385419075,0.007609015666625809,0.024499694411163488,0.2686497793039583,0.01727492892342569,1.0843836776610363e-11,0.0013357243502319265,0.793511224844125,0.8224807800300425,0.0019306095834033085,0.5126531986220535,1.0000000000000002,4.079838689108328e-10
12.0,0.2418402339461525,1.3585720955285012,746.058253503861,0.15032734915843143,0.005775540989834256,-8.294058513680703,0.005927740264922932,0.0027019157512274596,4.224922314855786e-10,0.24188318075621537,0.01128157594779032,0.43209336414888383,0.008102253170731136,0.02391169444167415,0.2640254588496944,0.01746706711952124,1.0440254067571179e-11,0.0012354051325572932,0.7696237965664583,0.8061341131538418,0.0016982151194106264,0.497372169002574,1.0000000000000002,4.2249204135202945e-10
11.0,0.23624273122185654,1.1824382669465743,721.462890416294,0.1490337658814369,0.005243869443480106,-8.315428680425956,-0.015367756555340506,0.0027996889858782304,4.3885665234321003e-10,0.22957946457788125,0.010974500627292261,0.44987410473583384,0.00864695515496734,0.023257457349370826,0.25892349139418347,0.017609288768055145,9.959803122448381e-12,0.0011347369435986824,0.7455330037885115,0.7874757707395218,0.0014780478336832179,0.48097526027752935,0.9999999999999992,4.3885739486881903e-10
10.0,0.229832754907606,1.016647597550156,695.0111095250506,0.1476323944409353,0.004718990959457049,-8.33875171119613,-0.0386161174005224,0.0029087365822100747,4.575914591986e-10,0.21703998122651394,0.010657504792773432,0.46845163013037555,0.00925033391964276,0.022534341543915443,0.25334462108524275,0.017687397456458774,9.394810114671598e-12,0.0010341893780910095,0.7212441200652213,0.7661091830253534,0.0012708094969376951,0.4633407396833671,1.0,4.5759152023094884e-10
9.0,0.2224682441347962,0.8617232060731,666.487355893824,0.1461067727936801,0.004202831127708441,-8.36435158703252,-0.06414132331192235,0.003030890454843762,4.794254668262688e-10,0.20431077874183748,0.010332598725608325,0.4877745455911644,0.009921347690033722,0.021740346995761398,0.24730162298376118,0.017684482591030653,8.738873215726498e-12,0.0009342761926379612,0.6967579318850666,0.741560813782654,0.001077154007591375,0.444324903929216,0.9999999999999994,4.794259433893444e-10
8.0,0.21397737321618968,0.7181224226151978,635.6253872474839,0.1444353900941412,0.003697304166525263,-8.392654278090346,-0.09236934444475686,0.003168392850177548,5.054247582057735e-10,0.1914431524954459,0.01000257978501626,0.5077714096529129,0.010671613384814769,0.020873938227395444,0.2408214212497458,0.01758035946526043,7.987759015809987e-12,0.0008355252259961493,0.672063840167546,0.7132579107206323,0.0008976530282689972,0.4237502581649893,1.0000000000000002,5.054244800462016e-10
7.0,0.20414781001073917,0.5862079831615715,602.0800835954428,0.14258877613090404,0.0032041711059219114,-8.424245895400224,-0.1238862918296455,0.003324066550530774,5.372079463307096e-10,0.1784885921411652,0.009671214610364928,0.5283542897876812,0.011517066021092615,0.019933599570276343,0.23394607545895257,0.017350726689579852,7.140544613631044e-12,0.0007384351765386854,0.6471280069546631,0.6804927000357973,0.0007327599789519645,0.4013867223969619,0.9999999999999998,5.372082778620779e-10
6.0,0.1927076929070426,0.46622463434552375,565.3720981457191,0.14052446685522482,0.002724898494366161,-8.459974286751414,-0.15954001325584422,0.003501622999234063,5.773596358957518e-10,0.16549066821037114,0.009343526612503254,0.5494257537103594,0.012480983573962713,0.018916667528649473,0.22673358275397096,0.01696540769740774,6.20079812763893e-12,0.0006434093292150344,0.6218734727814228,0.6423589763568087,0.0005827807929319047,0.37691473209714604,1.0000000000000002,5.773593825253442e-10
5.0,0.17928997668610946,0.3582863498380906,524.7838514403152,0.13817739393381373,0.0022604630318611985,-8.501144386220599,-0.20063544280003853,0.0037062406433172497,6.302939850611005e-10,0.1524718116080744,0.009026398366253224,0.5708909242585092,0.01359993981021802,0.017816961484227255,0.21925854076552306,0.016384762456057266,5.177881295362265e-12,0.0005506606156656245,0.5961451288145497,0.597633255620365,0.00044785793729761324,0.34985590096021013,1.0,6.302940391833545e-10
4.0,0.1633599166647417,0.26238267804237325,479.14429155346687,0.13543993006395302,0.0018110926918584389,-8.549928376868051,-0.24934476352249924,0.003945750278084626,7.04295296869513e-10,0.13941069292261427,0.00873002706652824,0.5926755160534836,0.014936603133486373,0.016619691981324656,0.2116156816790332,0.01555172709188217,4.088432032860869e-12,0.00046005936326345704,0.569642245314238,0.544533055549139,0.0003279783475529666,0.31942952770231126,0.9999999999999994,7.042958438674418e-10
3.0,0.1440498969190421,0.17841558292633744,426.32475999418267,0.1321142991309574,0.001375833222070039,-8.610356797671981,-0.3096985144014397,0.0042333754384946045,8.17242065897689e-10,0.12619662697363113,0.008471962774540197,0.6147519750810777,0.016611468426628244,0.015289053949992394,0.20393570656540003,0.014372370271419133,2.95853185982971e-12,0.00037083513711093206,0.5417677903577185,0.4801663230634737,0.0002230194786579218,0.28421650666278847,1.0000000000000004,8.172418297647255e-10
2.0,0.11970618650776871,0.10629239345604113,361.78639957592264,0.12777166982459148,0.0009515177618128844,-8.69130068116095,-0.3905677279654167,0.004595450147587329,1.0176154757654792e-09,0.11250929324154611,0.00829085292294964,0.6371749794569553,0.018901566048387906,0.01372968571252197,0.19645390792146272,0.01265892505265235,1.8283624199651906e-12,0.00028078862408103237,0.5112071130911344,0.39902062169256236,0.00013286549182005142,0.2411909330506151,1.0000000000000007,1.0176146592044688e-09
1.0,0.08611675829922945,0.04617596611388979,272.43298271958116,0.12113088257770006,0.0005288771892858121,-8.819923502915257,-0.5191158797947342,0.005102941419422623,1.5138278721801862e-09,0.09732989028872972,0.008317083163051431,0.6600612488733857,0.02270877862462138,0.011598740183809545,0.189912535164568,0.009888659198247182,7.673251399418394e-13,0.00018306298899199472,0.4741877069466369,0.2870558609974315,5.771995764236224e-05,0.18162198847972078,1.0000000000000002,1.513827729837658e-09
